{"cameraMode":{"drawMode":0,"name":"Shaded","section":"Shading Mode"},"sceneLighting":true,"audioPlay":false,"sceneViewState":{"m_AlwaysRefresh":false,"showFog":true,"showSkybox":true,"showFlares":true,"showImageEffects":true,"showParticleSystems":true,"showVisualEffectGraphs":true,"m_FxEnabled":true},"in2DMode":false,"pivot":{"x":5.815298557281494,"y":38.844539642333987,"z":51.68924331665039},"rotation":{"x":-0.005929930135607719,"y":0.9310672283172607,"z":-0.36456790566444399,"w":-0.015091758221387864},"size":9.656286239624024,"orthographic":false}